--
-- PostgreSQL database dump
--

-- Dumped from database version 13.9 (Debian 13.9-0+deb11u1)
-- Dumped by pg_dump version 13.9 (Debian 13.9-0+deb11u1)

SET statement_timeout = 0;
SET lock_timeout = 0;
SET idle_in_transaction_session_timeout = 0;
SET client_encoding = 'UTF8';
SET standard_conforming_strings = on;
SELECT pg_catalog.set_config('search_path', '', false);
SET check_function_bodies = false;
SET xmloption = content;
SET client_min_messages = warning;
SET row_security = off;

SET default_tablespace = '';

SET default_table_access_method = heap;

--
-- Name: opname; Type: TABLE; Schema: public; Owner: energie-admin
--

CREATE TABLE public.opname (
    id integer NOT NULL,
    tijd timestamp without time zone DEFAULT now() NOT NULL
);


ALTER TABLE public.opname OWNER TO "energie-admin";

--
-- Name: TABLE opname; Type: COMMENT; Schema: public; Owner: energie-admin
--

COMMENT ON TABLE public.opname IS 'Een opname van meerdere tellerstanden';


--
-- Name: opname_id_seq; Type: SEQUENCE; Schema: public; Owner: energie-admin
--

CREATE SEQUENCE public.opname_id_seq
    START WITH 1
    INCREMENT BY 1
    NO MINVALUE
    NO MAXVALUE
    CACHE 1;


ALTER TABLE public.opname_id_seq OWNER TO "energie-admin";

--
-- Name: opname_id_seq; Type: SEQUENCE OWNED BY; Schema: public; Owner: energie-admin
--

ALTER SEQUENCE public.opname_id_seq OWNED BY public.opname.id;


--
-- Name: teller; Type: TABLE; Schema: public; Owner: energie-admin
--

CREATE TABLE public.teller (
    id integer NOT NULL,
    naam character varying(32) NOT NULL,
    naam_kort character varying(16) NOT NULL,
    schaal integer NOT NULL,
    teken integer
);


ALTER TABLE public.teller OWNER TO "energie-admin";

--
-- Name: TABLE teller; Type: COMMENT; Schema: public; Owner: energie-admin
--

COMMENT ON TABLE public.teller IS 'De verschillende tellers';


--
-- Name: teller_id_seq; Type: SEQUENCE; Schema: public; Owner: energie-admin
--

CREATE SEQUENCE public.teller_id_seq
    START WITH 1
    INCREMENT BY 1
    NO MINVALUE
    NO MAXVALUE
    CACHE 1;


ALTER TABLE public.teller_id_seq OWNER TO "energie-admin";

--
-- Name: teller_id_seq; Type: SEQUENCE OWNED BY; Schema: public; Owner: energie-admin
--

ALTER SEQUENCE public.teller_id_seq OWNED BY public.teller.id;


--
-- Name: tellerstand; Type: TABLE; Schema: public; Owner: energie-admin
--

CREATE TABLE public.tellerstand (
    id integer NOT NULL,
    teller_id integer,
    stand numeric(8,3) NOT NULL,
    opname_id integer
);


ALTER TABLE public.tellerstand OWNER TO "energie-admin";

--
-- Name: TABLE tellerstand; Type: COMMENT; Schema: public; Owner: energie-admin
--

COMMENT ON TABLE public.tellerstand IS 'De stand van een teller';


--
-- Name: tellerstand_id_seq; Type: SEQUENCE; Schema: public; Owner: energie-admin
--

CREATE SEQUENCE public.tellerstand_id_seq
    START WITH 1
    INCREMENT BY 1
    NO MINVALUE
    NO MAXVALUE
    CACHE 1;


ALTER TABLE public.tellerstand_id_seq OWNER TO "energie-admin";

--
-- Name: tellerstand_id_seq; Type: SEQUENCE OWNED BY; Schema: public; Owner: energie-admin
--

ALTER SEQUENCE public.tellerstand_id_seq OWNED BY public.tellerstand.id;


--
-- Name: opname id; Type: DEFAULT; Schema: public; Owner: energie-admin
--

ALTER TABLE ONLY public.opname ALTER COLUMN id SET DEFAULT nextval('public.opname_id_seq'::regclass);


--
-- Name: teller id; Type: DEFAULT; Schema: public; Owner: energie-admin
--

ALTER TABLE ONLY public.teller ALTER COLUMN id SET DEFAULT nextval('public.teller_id_seq'::regclass);


--
-- Name: tellerstand id; Type: DEFAULT; Schema: public; Owner: energie-admin
--

ALTER TABLE ONLY public.tellerstand ALTER COLUMN id SET DEFAULT nextval('public.tellerstand_id_seq'::regclass);


--
-- Data for Name: opname; Type: TABLE DATA; Schema: public; Owner: energie-admin
--

COPY public.opname (id, tijd) FROM stdin;
1	2016-08-27 20:00:00
2	2016-09-12 20:00:00
3	2016-09-18 20:00:00
4	2016-09-20 20:00:00
5	2016-09-25 20:00:00
6	2016-10-02 20:00:00
7	2016-10-15 20:00:00
8	2016-10-21 20:00:00
9	2016-10-23 20:00:00
10	2016-10-26 20:00:00
11	2016-10-28 20:00:00
12	2016-10-30 20:00:00
13	2016-10-31 20:00:00
14	2016-11-02 20:00:00
15	2016-11-05 20:00:00
16	2016-11-07 20:00:00
17	2016-11-11 20:00:00
18	2016-11-12 20:00:00
19	2016-11-16 20:00:00
20	2016-11-20 20:00:00
21	2016-11-23 20:00:00
22	2016-11-25 20:00:00
23	2016-11-28 20:00:00
24	2016-11-30 20:00:00
25	2016-12-02 20:00:00
26	2016-12-04 20:00:00
27	2016-12-05 20:00:00
28	2016-12-09 20:00:00
29	2016-12-13 20:00:00
30	2016-12-16 20:00:00
31	2016-12-18 20:00:00
32	2016-12-19 20:00:00
33	2016-12-20 20:00:00
34	2016-12-22 20:00:00
35	2016-12-25 20:00:00
36	2016-12-28 20:00:00
37	2016-12-30 20:00:00
38	2017-01-02 20:00:00
39	2017-01-04 20:00:00
40	2017-01-13 20:00:00
41	2017-01-16 20:00:00
42	2017-01-18 20:00:00
43	2017-01-22 20:00:00
44	2017-01-23 20:00:00
45	2017-01-28 20:00:00
46	2017-01-29 20:00:00
47	2017-01-30 20:00:00
48	2017-02-02 20:00:00
49	2017-02-03 20:00:00
50	2017-02-04 20:00:00
51	2017-02-05 20:00:00
52	2017-02-06 20:00:00
53	2017-02-10 20:00:00
54	2017-02-13 20:00:00
55	2017-02-15 20:00:00
56	2017-02-17 20:00:00
57	2017-02-18 20:00:00
58	2017-02-20 20:00:00
59	2017-02-22 20:00:00
60	2017-02-24 20:00:00
61	2017-02-26 20:00:00
62	2017-03-02 20:00:00
63	2017-03-03 20:00:00
64	2017-03-04 20:00:00
65	2017-03-07 20:00:00
66	2017-03-08 20:00:00
67	2017-03-11 20:00:00
68	2017-03-12 20:00:00
69	2017-03-13 20:00:00
70	2017-03-19 20:00:00
71	2017-03-24 20:00:00
72	2017-03-25 20:00:00
73	2017-04-02 20:00:00
74	2017-04-09 20:00:00
75	2017-04-16 20:00:00
76	2017-04-25 20:00:00
77	2017-05-09 20:00:00
78	2017-05-12 20:00:00
79	2017-05-24 20:00:00
80	2017-05-25 20:00:00
81	2017-06-13 20:00:00
82	2017-06-24 20:00:00
83	2017-07-24 20:00:00
84	2017-08-25 20:00:00
85	2017-09-17 20:00:00
86	2017-09-25 20:00:00
87	2017-10-13 20:00:00
88	2017-10-21 20:00:00
89	2017-10-24 20:00:00
90	2017-10-25 20:00:00
91	2017-11-04 20:00:00
92	2017-11-06 20:00:00
93	2017-11-11 20:00:00
94	2017-11-13 20:00:00
95	2017-11-19 20:00:00
96	2017-11-23 20:00:00
97	2017-11-25 20:00:00
98	2017-11-29 20:00:00
99	2017-12-01 20:00:00
100	2017-12-02 20:00:00
101	2017-12-04 20:00:00
102	2017-12-08 20:00:00
103	2017-12-15 20:00:00
104	2017-12-20 20:00:00
105	2017-12-25 20:00:00
106	2017-12-27 20:00:00
107	2018-01-04 20:00:00
108	2018-01-09 20:00:00
109	2018-01-18 20:00:00
110	2018-01-27 20:00:00
111	2018-02-05 20:00:00
112	2018-02-12 20:00:00
113	2018-02-21 20:00:00
114	2018-02-25 20:00:00
115	2018-03-01 20:00:00
116	2018-03-03 20:00:00
117	2018-03-04 20:00:00
118	2018-03-09 20:00:00
119	2018-03-15 20:00:00
120	2018-03-20 20:00:00
121	2018-03-25 20:00:00
122	2018-04-01 20:00:00
123	2018-04-06 20:00:00
124	2018-04-10 20:00:00
125	2018-04-17 20:00:00
126	2018-04-25 20:00:00
127	2018-05-03 20:00:00
128	2018-05-13 20:00:00
129	2018-05-24 20:00:00
130	2018-05-29 20:00:00
131	2018-06-01 20:00:00
132	2018-06-23 20:00:00
133	2018-06-26 20:00:00
134	2018-07-17 20:00:00
135	2018-07-25 20:00:00
136	2018-08-10 20:00:00
137	2018-08-25 20:00:00
138	2018-09-25 20:00:00
139	2018-10-05 20:00:00
140	2018-10-06 20:00:00
141	2018-10-08 20:00:00
142	2018-10-12 20:00:00
143	2018-10-15 20:00:00
144	2018-10-21 20:00:00
145	2018-10-23 20:00:00
146	2018-10-25 20:00:00
147	2018-10-29 20:00:00
148	2018-11-08 20:00:00
149	2018-11-17 20:00:00
150	2018-11-21 20:00:00
151	2018-11-25 20:00:00
152	2018-11-30 20:00:00
153	2018-12-06 20:00:00
154	2018-12-14 20:00:00
155	2018-12-19 20:00:00
156	2018-12-25 20:00:00
157	2019-01-03 20:00:00
158	2019-01-13 20:00:00
159	2019-01-19 20:00:00
160	2019-01-24 20:00:00
161	2019-01-25 20:00:00
162	2019-01-31 20:00:00
163	2019-02-01 20:00:00
164	2019-02-06 20:00:00
165	2019-02-10 20:00:00
166	2019-02-14 20:00:00
167	2019-02-15 20:00:00
168	2019-02-17 20:00:00
169	2019-02-18 20:00:00
170	2019-02-20 20:00:00
171	2019-02-24 20:00:00
172	2019-02-25 20:00:00
173	2019-02-27 20:00:00
174	2019-03-04 20:00:00
175	2019-03-05 20:00:00
176	2019-03-08 20:00:00
177	2019-03-16 20:00:00
178	2019-03-17 20:00:00
179	2019-03-18 20:00:00
180	2019-03-19 20:00:00
181	2019-03-20 20:00:00
182	2019-03-22 20:00:00
183	2019-03-25 20:00:00
184	2019-03-27 20:00:00
185	2019-03-30 20:00:00
186	2019-04-03 20:00:00
206	2019-04-04 21:01:41.292
207	2019-04-05 21:01:14.656
208	2019-04-06 21:16:46.046
209	2019-04-07 20:11:24.33
210	2019-04-09 21:44:37.228
211	2019-04-10 21:24:50.453
212	2019-04-11 21:58:06.841
213	2019-04-12 21:07:29.304
214	2019-04-13 21:23:22.11
215	2019-04-15 20:21:32.057
216	2019-04-18 20:33:21.714
217	2019-04-19 21:08:11.515
218	2019-04-21 21:56:32.051
219	2019-04-22 20:31:46.769
220	2019-04-24 20:57:41.728
221	2019-04-26 07:49:07.914
222	2019-04-26 21:45:50.389
223	2019-04-28 20:38:08.791
224	2019-05-02 21:41:05.562
225	2019-05-04 23:25:41.866
226	2019-05-05 20:22:51.065
227	2019-05-06 21:28:42.699
228	2019-05-08 21:14:11.378
229	2019-05-12 19:29:50.743
230	2019-05-13 21:00:56.838
231	2019-05-15 21:32:54.565
232	2019-05-16 21:31:30.699
233	2019-05-19 21:18:37.539
234	2019-05-22 20:33:31.999
235	2019-05-23 21:25:24.182
236	2019-05-24 21:03:47.249
237	2019-05-25 21:27:20.222
238	2019-05-27 21:20:08.019
239	2019-05-29 21:55:10.213
240	2019-06-01 22:01:07.109
241	2019-06-05 21:36:31.216
243	2019-06-09 20:06:17.057065
244	2019-06-11 12:12:16.147612
245	2019-06-14 19:35:07.271234
246	2019-06-16 19:21:26.78733
247	2019-06-19 19:36:10.648472
248	2019-06-20 20:13:01.799891
249	2019-06-21 18:44:56.748117
250	2019-06-22 19:29:52.111825
251	2019-06-24 19:44:50.792076
252	2019-06-25 19:51:07.121091
253	2019-06-28 18:17:02.320732
254	2019-07-01 17:33:58.832088
255	2019-07-04 19:21:53.483798
256	2019-07-05 20:04:05.846919
257	2019-07-06 19:43:48.943018
258	2019-07-07 19:18:11.993542
259	2019-07-14 18:29:25.983576
260	2019-07-16 18:25:14.950234
261	2019-07-22 19:49:28.904635
262	2019-07-24 19:24:18.717939
263	2019-07-25 19:37:41.692994
264	2019-07-26 18:50:19.100658
265	2019-07-27 19:31:43.380108
266	2019-08-04 18:35:56.348573
267	2019-08-08 19:38:53.533223
268	2019-08-09 19:48:53.436073
269	2019-08-11 18:28:08.345001
270	2019-08-12 19:00:25.128701
271	2019-08-14 17:57:27.861734
272	2019-08-17 19:40:35.790437
273	2019-08-22 20:09:20.490645
274	2019-08-25 17:38:06.822209
275	2019-08-28 17:32:54.12587
276	2019-08-30 20:15:15.486762
277	2019-08-31 19:57:32.067162
278	2019-09-04 16:30:05.04425
279	2019-09-05 19:33:10.260003
280	2019-09-06 18:50:28.856247
281	2019-09-08 18:54:10.924606
282	2019-09-10 18:17:00.202631
283	2019-09-13 19:40:10.345242
284	2019-09-16 18:07:42.076549
285	2019-09-18 18:32:15.524417
286	2019-09-20 18:51:12.347135
287	2019-09-23 18:08:23.724029
288	2019-09-25 18:31:08.557607
289	2019-09-28 16:45:29.134829
290	2019-10-04 19:30:38.629939
291	2019-10-06 18:55:17.589409
292	2019-10-09 16:41:30.106919
293	2019-10-12 19:36:56.102803
294	2019-10-14 17:49:15.012691
295	2019-10-18 18:10:09.461309
296	2019-10-20 18:37:11.93363
297	2019-10-25 19:51:27.326462
298	2019-11-01 20:28:14.066295
299	2019-11-08 20:12:30.110509
300	2019-11-11 20:28:03.581005
301	2019-11-17 19:08:18.879313
302	2019-11-20 21:12:17.343502
303	2019-11-22 20:45:11.492709
304	2019-11-23 20:33:51.426461
305	2019-11-25 18:47:41.390677
306	2019-12-01 20:02:21.041629
307	2019-12-04 21:16:31.385491
308	2019-12-07 21:13:37.197988
309	2019-12-11 21:50:05.98005
310	2019-12-13 21:07:41.57197
311	2019-12-15 20:24:47.738658
312	2019-12-19 21:20:41.32164
313	2019-12-22 21:34:33.953964
314	2019-12-23 22:20:44.92722
315	2019-12-27 21:18:12.986089
316	2019-12-30 21:59:02.071988
317	2019-12-31 21:39:30.880798
318	2020-01-01 22:04:38.083229
319	2020-01-02 21:39:12.959036
320	2020-01-03 20:44:40.144275
321	2020-01-04 22:15:12.684325
322	2020-01-05 21:01:11.981082
323	2020-01-08 19:48:43.66662
324	2020-01-12 21:05:40.731454
325	2020-01-14 20:53:32.848489
326	2020-01-18 08:05:41.745825
327	2020-01-18 21:47:22.06866
328	2020-01-21 07:41:41.702318
329	2020-01-22 20:26:20.598518
330	2020-01-23 20:03:31.174051
331	2020-01-25 21:53:28.144788
332	2020-01-26 21:06:25.952517
333	2020-01-29 05:28:30.24285
334	2020-01-29 19:51:17.269899
335	2020-01-31 21:20:04.375673
336	2020-02-06 13:57:06.870189
337	2020-02-06 21:19:00.26203
338	2020-02-08 23:15:18.285744
339	2020-02-10 20:41:32.530559
340	2020-02-13 21:03:47.577728
341	2020-02-15 21:08:26.849296
342	2020-02-17 21:15:08.581581
343	2020-02-18 21:13:08.040965
344	2020-02-25 08:00:05.595057
345	2020-02-25 21:23:45.586415
346	2020-02-26 19:21:21.912796
348	2020-03-01 18:56:21.11226
350	2020-03-04 20:49:21.038049
351	2020-03-05 20:33:02.022131
352	2020-03-07 21:16:44.114019
353	2020-03-09 21:15:28.049827
354	2020-03-12 21:14:20.371358
355	2020-03-13 20:19:16.718038
356	2020-03-17 07:19:02.872459
357	2020-03-17 21:01:23.832285
358	2020-03-18 19:40:06.465588
359	2020-03-19 21:33:10.033875
360	2020-03-20 21:08:40.476816
361	2020-03-21 21:32:04.369135
362	2020-03-22 20:01:30.620037
363	2020-03-23 21:47:35.200954
364	2020-03-24 20:12:15.760812
365	2020-03-25 21:13:56.750339
366	2020-03-27 22:03:58.841455
367	2020-03-29 21:40:20.734468
368	2020-03-31 21:42:34.645257
369	2020-04-01 20:38:56.798136
370	2020-04-04 21:27:16.846827
371	2020-04-11 07:48:33.089193
372	2020-04-11 19:38:15.154236
373	2020-04-14 20:54:46.759264
374	2020-04-17 20:04:55.255435
375	2020-04-23 22:03:43.361532
377	2020-04-26 21:58:53.172277
378	2020-04-27 20:57:11.168827
379	2020-04-30 21:29:46.292342
380	2020-05-07 20:19:50.526475
381	2020-05-08 21:02:25.356689
382	2020-05-12 20:17:24.715551
383	2020-05-15 20:55:55.043313
384	2020-05-19 22:00:12.075103
385	2020-05-26 17:20:10.066713
386	2020-05-27 22:15:13.355539
387	2020-05-31 20:24:07.237634
388	2020-06-01 20:43:34.053373
389	2020-06-08 21:57:43.926268
390	2020-06-12 20:13:08.249501
391	2020-06-14 21:38:52.739883
392	2020-06-20 22:02:40.892987
393	2020-06-21 21:01:44.439783
394	2020-06-22 21:51:08.842505
395	2020-06-24 22:04:56.214131
396	2020-06-30 20:22:05.808316
397	2020-07-02 21:45:05.644488
398	2020-07-08 22:01:29.731499
399	2020-07-13 21:44:09.045849
400	2020-07-19 21:30:28.266137
401	2020-07-24 22:00:26.117281
402	2020-08-01 22:05:45.528047
403	2020-08-06 21:59:00.705999
404	2020-08-08 21:38:46.729563
405	2020-08-11 22:10:16.926346
406	2020-08-16 20:26:06.465213
407	2020-08-27 11:34:24.826995
408	2020-08-29 20:40:03.364767
409	2020-09-04 19:19:19.970641
410	2020-09-13 19:48:21.887352
411	2020-09-20 19:32:47.832659
413	2020-09-26 21:30:35.566932
414	2020-10-04 21:23:02.145119
415	2020-10-09 20:55:21.551474
416	2020-10-17 21:12:35.845717
417	2020-10-23 21:28:29.58138
418	2020-10-29 21:49:08.700748
419	2020-11-09 07:03:23.962395
420	2020-11-14 20:42:40.395382
421	2020-11-25 06:57:14.627811
422	2020-12-01 21:44:37.681956
423	2020-12-07 20:22:23.571979
424	2020-12-21 21:59:00.34613
425	2020-12-31 19:35:17.114993
426	2021-01-03 21:21:10.339646
427	2021-01-12 07:16:21.647425
428	2021-01-17 07:21:42.461054
429	2021-01-22 20:07:47.401703
430	2021-01-28 21:59:06.28114
431	2021-02-05 21:08:26.835466
432	2021-02-08 21:23:05.428136
433	2021-02-09 21:23:35.625366
434	2021-02-12 09:19:29.734011
435	2021-02-14 21:47:19.503118
436	2021-02-16 21:13:03.068269
437	2021-02-17 21:56:44.425868
438	2021-02-19 20:50:55.049154
439	2021-02-27 21:42:02.800223
440	2021-03-23 07:14:16.739692
441	2021-03-25 22:11:38.034456
442	2021-04-04 21:55:41.284726
443	2021-04-22 18:57:14.588983
444	2021-04-26 21:47:24.593916
445	2021-04-29 19:27:20.62953
446	2021-05-01 21:16:18.353534
447	2021-05-02 19:31:25.913615
448	2021-05-06 19:15:41.788925
449	2021-05-08 21:17:43.793363
450	2021-05-12 20:09:17.521847
451	2021-05-13 19:21:28.93798
452	2021-05-19 21:06:15.789356
453	2021-05-25 18:59:20.392456
454	2021-06-01 21:34:55.671793
455	2021-06-09 20:39:57.521435
456	2021-06-24 20:52:57.238052
458	2021-06-25 21:57:56.737072
459	2021-06-30 21:42:14.025565
460	2021-07-11 20:43:05.461237
461	2021-07-16 21:40:30.122025
462	2021-07-18 19:19:05.308052
463	2021-07-23 21:20:59.117831
464	2021-07-25 20:51:38.18212
465	2021-08-05 20:02:44.231091
467	2021-08-20 21:40:54.587398
468	2021-08-26 18:50:53.565111
469	2021-09-10 21:37:38.230863
470	2021-09-22 21:00:36.863435
472	2021-10-01 21:29:49.214949
473	2021-10-16 22:24:04.497127
474	2021-10-31 20:11:20.111771
475	2021-11-06 21:56:04.316995
476	2021-11-24 21:42:31.546281
477	2021-12-06 21:23:23.88811
478	2021-12-21 21:44:23.531816
479	2021-12-25 20:07:04.394511
480	2022-01-11 20:06:51.330485
481	2022-01-21 21:53:38.682928
482	2022-01-25 21:22:03.244772
483	2022-02-02 21:29:25.33035
484	2022-02-14 21:03:35.413481
485	2022-02-26 08:50:16.833821
486	2022-03-10 22:26:19.908725
487	2022-03-26 06:20:27.96695
488	2022-04-01 09:27:38.408947
489	2022-04-06 20:13:39.14348
490	2022-04-30 19:24:22.899566
491	2022-05-12 20:16:02.954076
492	2022-05-31 18:36:49.656554
493	2022-06-08 21:42:53.625863
494	2022-06-15 07:06:58.182293
495	2022-06-21 13:16:48.942055
496	2022-06-28 21:37:58.395809
497	2022-07-18 21:10:17.193724
498	2022-07-25 18:04:23.407924
499	2022-08-11 20:05:11.04401
500	2022-08-27 08:01:11.853647
501	2022-09-23 08:14:05.742324
502	2022-09-25 20:54:28.826707
503	2022-10-07 15:04:07.695795
504	2022-10-15 09:29:35.378675
505	2022-10-21 21:03:16.57891
506	2022-10-25 12:49:18.958887
507	2022-11-05 18:59:18.937501
508	2022-11-09 20:28:50.40973
509	2022-11-15 07:54:06.392004
510	2022-11-19 22:31:28.424808
511	2022-11-22 20:38:15.804817
512	2022-11-23 22:45:28.967649
513	2022-11-25 19:21:33.194607
514	2022-12-03 21:23:31.343069
515	2022-12-11 08:54:18.668788
516	2022-12-13 10:45:25.124445
517	2022-12-14 08:21:29.558763
518	2022-12-15 12:48:30.064942
519	2022-12-16 20:25:45.426863
520	2022-12-18 21:26:12.820758
521	2022-12-20 20:20:49.706492
522	2022-12-24 07:29:23.862675
523	2022-12-28 19:06:31.030765
524	2022-12-30 19:40:05.338944
525	2022-12-31 19:27:52.254187
526	2023-01-03 17:57:08.121379
527	2023-01-06 21:10:18.537598
528	2023-01-14 08:32:10.411292
529	2023-01-19 08:31:30.203234
530	2023-01-23 20:41:48.740508
531	2023-01-25 19:05:20.06966
532	2023-01-27 19:10:00.93466
533	2023-01-29 20:00:14.604879
534	2023-01-31 21:38:54.352718
535	2023-02-02 21:59:16.420728
\.


--
-- Data for Name: teller; Type: TABLE DATA; Schema: public; Owner: energie-admin
--

COPY public.teller (id, naam, naam_kort, schaal, teken) FROM stdin;
1	Warmte	Warmte	3	1
2	Electriciteit verbruik laag	Verbruik laag	0	1
3	Electriciteit verbruik hoog	Verbruik hoog	0	1
5	Electriciteit teruglevering hoog	Teruglevering h	0	-1
4	Electriciteit teruglevering laag	Teruglevering l	0	-1
\.


--
-- Data for Name: tellerstand; Type: TABLE DATA; Schema: public; Owner: energie-admin
--

COPY public.tellerstand (id, teller_id, stand, opname_id) FROM stdin;
1	1	1.431	1
2	1	1.614	2
3	1	1.677	3
4	1	1.700	4
5	1	1.759	5
6	1	1.888	6
7	1	3.390	7
8	1	3.845	8
9	1	4.101	9
10	1	4.668	10
11	1	4.863	11
12	1	5.035	12
13	1	5.103	13
14	1	5.346	14
15	1	5.720	15
16	1	6.242	16
17	1	7.170	17
18	1	7.445	18
19	1	8.304	19
20	1	9.115	20
21	1	9.445	21
22	1	9.802	22
23	1	10.599	23
24	1	11.202	24
25	1	11.695	25
26	1	12.190	26
27	1	12.432	27
28	1	13.152	28
29	1	13.769	29
30	1	14.166	30
31	1	14.521	31
32	1	14.664	32
33	1	14.875	33
34	1	15.166	34
35	1	15.615	35
36	1	16.086	36
37	1	16.483	37
38	1	17.171	38
39	1	17.567	39
40	1	19.278	40
41	1	19.868	41
42	1	20.337	42
43	1	21.061	43
44	1	21.463	44
45	1	22.655	45
46	1	22.828	46
47	1	23.011	47
48	1	23.497	48
49	1	23.722	49
50	1	23.889	50
51	1	23.973	51
52	1	24.114	52
53	1	25.315	53
54	1	25.814	54
55	1	26.012	55
56	1	26.337	56
57	1	26.507	57
58	1	26.826	58
59	1	26.939	59
60	1	27.151	60
61	1	27.461	61
62	1	28.082	62
63	1	28.249	63
64	1	28.336	64
65	1	28.647	65
66	1	28.817	66
67	1	29.062	67
68	1	29.070	68
69	1	29.116	69
70	1	29.449	70
71	1	29.656	71
72	1	29.663	72
73	1	29.818	73
74	1	30.023	74
75	1	30.272	75
76	1	30.441	76
77	1	30.721	77
78	1	30.788	78
79	1	30.967	79
80	1	30.981	80
81	1	31.225	81
82	1	31.356	82
83	1	31.731	83
84	1	32.171	84
85	1	32.480	85
86	1	32.611	86
87	1	32.948	87
88	1	33.072	88
89	1	33.124	89
90	1	33.147	90
91	1	33.579	91
92	1	33.890	92
93	1	34.579	93
94	1	34.731	94
95	1	35.479	95
96	1	35.959	96
97	1	36.285	97
98	1	36.945	98
99	1	37.535	99
100	1	37.791	100
101	1	38.155	101
102	1	39.070	102
103	1	40.805	103
104	1	41.703	104
105	1	42.308	105
106	1	42.642	106
107	1	44.083	107
108	1	45.060	108
109	1	46.678	109
110	1	48.094	110
111	1	49.760	111
112	1	51.156	112
113	1	52.953	113
114	1	53.700	114
115	1	54.840	115
116	1	55.775	116
117	1	55.866	117
118	1	56.435	118
119	1	57.002	119
120	1	58.183	120
121	1	58.867	121
122	1	59.468	122
123	1	59.871	123
124	1	59.941	124
125	1	60.064	125
126	1	60.197	126
127	1	60.330	127
128	1	60.510	128
129	1	60.651	129
130	1	60.690	130
131	1	60.721	131
132	1	60.995	132
133	1	61.040	133
134	1	61.275	134
135	1	61.365	135
136	1	61.525	136
137	1	61.675	137
138	1	62.051	138
139	1	62.196	139
140	1	62.215	140
141	1	62.236	141
142	1	62.286	142
143	1	62.326	143
144	1	62.413	144
145	1	62.439	145
146	1	62.465	146
147	1	63.000	147
148	1	63.945	148
149	1	64.720	149
150	1	65.715	150
151	1	66.295	151
152	1	67.301	152
153	1	68.017	153
154	1	69.584	154
155	1	70.650	155
156	1	71.351	156
157	1	73.102	157
158	1	75.024	158
159	1	76.400	159
160	1	77.768	160
161	1	78.097	161
162	1	79.498	162
163	1	79.667	163
164	1	80.627	164
165	1	81.157	165
166	1	81.652	166
167	1	81.765	167
168	1	81.980	168
169	1	82.026	169
170	1	82.223	170
171	1	82.544	171
172	1	82.554	172
173	1	82.666	173
174	1	83.116	174
175	1	83.200	175
176	1	83.437	176
177	1	84.700	177
178	1	84.753	178
179	1	84.834	179
180	1	84.941	180
181	1	85.048	181
182	1	85.090	182
183	1	85.257	183
184	1	85.451	184
185	1	85.518	185
186	1	85.721	186
187	2	228.000	1
188	2	281.000	2
189	2	296.000	3
190	2	306.000	4
191	2	319.000	5
192	2	348.000	6
193	2	396.000	7
194	2	416.000	8
195	2	425.000	9
196	2	435.000	10
197	2	438.000	11
198	2	453.000	12
199	2	457.000	13
200	2	460.000	14
201	2	473.000	15
202	2	489.000	16
203	2	496.000	17
204	2	504.000	18
205	2	520.000	19
206	2	541.000	20
207	2	544.000	21
208	2	551.000	22
209	2	574.000	23
210	2	576.000	24
211	2	580.000	25
212	2	604.000	26
213	2	606.000	27
214	2	615.000	28
215	2	640.000	29
216	2	645.000	30
217	2	668.000	31
218	2	668.000	32
219	2	670.000	33
220	2	674.000	34
221	2	697.000	35
222	2	708.000	36
223	2	712.000	37
224	2	735.000	38
225	2	737.000	39
226	2	770.000	40
227	2	792.000	41
228	2	796.000	42
229	2	809.000	43
230	2	820.000	44
231	2	838.000	45
232	2	850.000	46
233	2	854.000	47
234	2	860.000	48
235	2	862.000	49
236	2	868.000	50
237	2	877.000	51
238	2	880.000	52
239	2	887.000	53
240	2	903.000	54
241	2	907.000	55
242	2	910.000	56
243	2	919.000	57
244	2	928.000	58
245	2	930.000	59
246	2	934.000	60
247	2	950.000	61
248	2	957.000	62
249	2	959.000	63
250	2	968.000	64
251	2	983.000	65
252	2	985.000	66
253	2	999.000	67
254	2	1006.000	68
255	2	1009.000	69
256	2	1034.000	70
257	2	1045.000	71
258	2	1050.000	72
259	2	1092.000	73
260	2	1113.000	74
261	2	1144.000	75
262	2	1178.000	76
263	2	1231.000	77
264	2	1236.000	78
265	2	1286.000	79
266	2	1290.000	80
267	2	1365.000	81
268	2	1398.000	82
269	2	1519.000	83
270	2	1630.000	84
271	2	1724.000	85
272	2	1760.000	86
273	2	1822.000	87
274	2	1848.000	88
275	2	1867.000	89
276	2	1868.000	90
277	2	1907.000	91
278	2	1920.000	92
279	2	1938.000	93
280	2	1954.000	94
281	2	1977.000	95
282	2	1988.000	96
283	2	2002.000	97
284	2	2020.000	98
285	2	2025.000	99
286	2	2031.000	100
287	2	2048.000	101
288	2	2057.000	102
289	2	2086.000	103
290	2	2113.000	104
291	2	2146.000	105
292	2	2162.000	106
293	2	2197.000	107
294	2	2227.000	108
295	2	2261.000	109
296	2	2294.000	110
297	2	2340.000	111
298	2	2363.000	112
299	2	2400.000	113
300	2	2420.000	114
301	2	2431.000	115
302	2	2448.000	116
303	2	2458.000	117
304	2	2467.000	118
305	2	2493.000	119
306	2	2517.000	120
307	2	2537.000	121
308	2	2557.000	122
309	2	2578.000	123
310	2	2597.000	124
311	2	2622.000	125
312	2	2632.000	126
313	2	2682.000	127
314	2	2724.000	128
315	2	2765.000	129
316	2	2779.000	130
317	2	2786.000	131
318	2	2860.000	132
319	2	2876.000	133
320	2	2948.000	134
321	2	2976.000	135
322	2	3036.000	136
323	2	3086.000	137
324	2	3205.000	138
325	2	3236.000	139
326	2	3241.000	140
327	2	3248.000	141
328	2	3255.000	142
329	2	3268.000	143
330	2	3286.000	144
331	2	3291.000	145
332	2	3294.000	146
333	2	3313.000	147
334	2	3340.000	148
335	2	3367.000	149
336	2	3388.000	150
337	2	3402.000	151
338	2	3423.000	152
339	2	3446.000	153
340	2	3478.000	154
341	2	3500.000	155
342	2	3531.000	156
343	2	3580.000	157
344	2	3628.000	158
345	2	3648.000	159
346	2	3663.000	160
347	2	3667.000	161
348	2	3684.000	162
349	2	3686.000	163
350	2	3704.000	164
351	2	3721.000	165
352	2	3729.000	166
353	2	3730.000	167
354	2	3743.000	168
355	2	3746.000	169
356	2	3749.000	170
357	2	3764.000	171
358	2	3766.000	172
359	2	3769.000	173
360	2	3789.000	174
361	2	3791.000	175
362	2	3796.000	176
363	2	3828.000	177
364	2	3835.000	178
365	2	3837.000	179
366	2	3839.000	180
367	2	3841.000	181
368	2	3848.000	182
369	2	3862.000	183
370	2	3863.000	184
371	2	3872.000	185
372	2	3885.000	186
373	3	268.000	1
374	3	315.000	2
375	3	331.000	3
376	3	335.000	4
377	3	354.000	5
378	3	380.000	6
379	3	436.000	7
380	3	487.000	8
381	3	487.000	9
382	3	507.000	10
383	3	517.000	11
384	3	519.000	12
385	3	521.000	13
386	3	536.000	14
387	3	553.000	15
388	3	558.000	16
389	3	582.000	17
390	3	582.000	18
391	3	594.000	19
392	3	607.000	20
393	3	622.000	21
394	3	635.000	22
395	3	640.000	23
396	3	650.000	24
397	3	662.000	25
398	3	663.000	26
399	3	667.000	27
400	3	696.000	28
401	3	703.000	29
402	3	719.000	30
403	3	719.000	31
404	3	724.000	32
405	3	729.000	33
406	3	739.000	34
407	3	747.000	35
408	3	758.000	36
409	3	774.000	37
410	3	780.000	38
411	3	792.000	39
412	3	835.000	40
413	3	841.000	41
414	3	852.000	42
415	3	868.000	43
416	3	874.000	44
417	3	897.000	45
418	3	897.000	46
419	3	901.000	47
420	3	916.000	48
421	3	922.000	49
422	3	922.000	50
423	3	922.000	51
424	3	926.000	52
425	3	946.000	53
426	3	950.000	54
427	3	956.000	55
428	3	967.000	56
429	3	967.000	57
430	3	971.000	58
431	3	980.000	59
432	3	991.000	60
433	3	991.000	61
434	3	1013.000	62
435	3	1020.000	63
436	3	1020.000	64
437	3	1029.000	65
438	3	1034.000	66
439	3	1047.000	67
440	3	1047.000	68
441	3	1051.000	69
442	3	1079.000	70
443	3	1097.000	71
444	3	1097.000	72
445	3	1119.000	73
446	3	1142.000	74
447	3	1163.000	75
448	3	1190.000	76
449	3	1226.000	77
450	3	1247.000	78
451	3	1276.000	79
452	3	1280.000	80
453	3	1332.000	81
454	3	1369.000	82
455	3	1470.000	83
456	3	1590.000	84
457	3	1667.000	85
458	3	1698.000	86
459	3	1761.000	87
460	3	1798.000	88
461	3	1804.000	89
462	3	1813.000	90
463	3	1856.000	91
464	3	1869.000	92
465	3	1892.000	93
466	3	1897.000	94
467	3	1921.000	95
468	3	1943.000	96
469	3	1952.000	97
470	3	1964.000	98
471	3	1982.000	99
472	3	1982.000	100
473	3	1986.000	101
474	3	2015.000	102
475	3	2049.000	103
476	3	2069.000	104
477	3	2082.000	105
478	3	2090.000	106
479	3	2131.000	107
480	3	2151.000	108
481	3	2201.000	109
482	3	2244.000	110
483	3	2285.000	111
484	3	2324.000	112
485	3	2375.000	113
486	3	2392.000	114
487	3	2418.000	115
488	3	2437.000	116
489	3	2437.000	117
490	3	2466.000	118
491	3	2487.000	119
492	3	2506.000	120
493	3	2530.000	121
494	3	2556.000	122
495	3	2582.000	123
496	3	2590.000	124
497	3	2618.000	125
498	3	2669.000	126
499	3	2681.000	127
500	3	2711.000	128
501	3	2750.000	129
502	3	2763.000	130
503	3	2779.000	131
504	3	2856.000	132
505	3	2863.000	133
506	3	2943.000	134
507	3	2979.000	135
508	3	3038.000	136
509	3	3093.000	137
510	3	3189.000	138
511	3	3229.000	139
512	3	3229.000	140
513	3	3232.000	141
514	3	3246.000	142
515	3	3247.000	143
516	3	3262.000	144
517	3	3268.000	145
518	3	3273.000	146
519	3	3282.000	147
520	3	3318.000	148
521	3	3347.000	149
522	3	3359.000	150
523	3	3372.000	151
524	3	3393.000	152
525	3	3411.000	153
526	3	3439.000	154
527	3	3457.000	155
528	3	3477.000	156
529	3	3506.000	157
530	3	3543.000	158
531	3	3568.000	159
532	3	3587.000	160
533	3	3596.000	161
534	3	3615.000	162
535	3	3622.000	163
536	3	3635.000	164
537	3	3642.000	165
538	3	3658.000	166
539	3	3661.000	167
540	3	3662.000	168
541	3	3664.000	169
542	3	3670.000	170
543	3	3680.000	171
544	3	3682.000	172
545	3	3688.000	173
546	3	3706.000	174
547	3	3709.000	175
548	3	3723.000	176
549	3	3745.000	177
550	3	3745.000	178
551	3	3747.000	179
552	3	3752.000	180
553	3	3754.000	181
554	3	3761.000	182
555	3	3763.000	183
556	3	3766.000	184
557	3	3774.000	185
558	3	3780.000	186
559	4	11.000	141
560	4	11.000	142
561	4	22.000	143
562	4	29.000	144
563	4	29.000	145
564	4	29.000	146
565	4	35.000	147
566	4	40.000	148
567	4	42.000	149
568	4	44.000	150
569	4	44.000	151
570	4	44.000	152
571	4	44.000	153
572	4	45.000	154
573	4	45.000	155
574	4	45.000	156
575	4	45.000	157
576	4	45.000	158
577	4	47.000	159
578	4	47.000	160
579	4	47.000	161
580	4	48.000	162
581	4	48.000	163
582	4	48.000	164
583	4	52.000	165
584	4	52.000	166
585	4	52.000	167
586	4	58.000	168
587	4	58.000	169
588	4	58.000	170
589	4	67.000	171
590	4	67.000	172
591	4	67.000	173
592	4	70.000	174
593	4	70.000	175
594	4	70.000	176
595	4	73.000	177
596	4	79.000	178
597	4	79.000	179
598	4	79.000	180
599	4	79.000	181
600	4	79.000	182
601	4	87.000	183
602	4	87.000	184
603	4	95.000	185
604	4	100.000	186
605	5	7.000	141
606	5	30.000	142
607	5	34.000	143
608	5	49.000	144
609	5	53.000	145
610	5	56.000	146
611	5	57.000	147
612	5	75.000	148
613	5	84.000	149
614	5	87.000	150
615	5	88.000	151
616	5	90.000	152
617	5	91.000	153
618	5	93.000	154
619	5	94.000	155
620	5	94.000	156
621	5	96.000	157
622	5	97.000	158
623	5	99.000	159
624	5	101.000	160
625	5	101.000	161
626	5	105.000	162
627	5	105.000	163
628	5	107.000	164
629	5	109.000	165
630	5	117.000	166
631	5	120.000	167
632	5	120.000	168
633	5	125.000	169
634	5	134.000	170
635	5	137.000	171
636	5	143.000	172
637	5	154.000	173
638	5	160.000	174
639	5	164.000	175
640	5	171.000	176
641	5	183.000	177
642	5	183.000	178
643	5	190.000	179
644	5	198.000	180
645	5	201.000	181
646	5	218.000	182
647	5	225.000	183
648	5	237.000	184
649	5	251.000	185
650	5	273.000	186
676	1	85.811	206
677	2	3887.000	206
678	3	3783.000	206
679	4	100.000	206
680	5	277.000	206
681	1	85.838	207
682	2	3889.000	207
683	3	3786.000	207
684	4	100.000	207
685	5	286.000	207
686	1	85.853	208
687	2	3893.000	208
688	5	286.000	208
689	4	107.000	208
690	3	3787.000	208
691	1	85.875	209
692	2	3901.000	209
693	3	3787.000	209
694	4	115.000	209
695	5	286.000	209
696	1	85.903	210
697	2	3906.000	210
698	3	3792.000	210
699	4	115.000	210
700	5	309.000	210
701	1	85.919	211
702	2	3908.000	211
703	3	3793.000	211
704	4	115.000	211
705	5	323.000	211
706	1	85.931	212
707	2	3909.000	212
708	3	3796.000	212
709	4	115.000	212
710	5	335.000	212
711	1	85.947	213
712	2	3911.000	213
713	3	3800.000	213
714	4	115.000	213
715	5	339.000	213
716	1	85.973	214
717	2	3917.000	214
718	3	3800.000	214
719	4	124.000	214
720	5	339.000	214
721	1	86.093	215
722	2	3924.000	215
723	3	3802.000	215
724	4	133.000	215
725	5	353.000	215
726	1	86.140	216
727	2	3930.000	216
728	3	3808.000	216
729	4	133.000	216
730	5	385.000	216
731	1	86.154	217
732	2	3931.000	217
733	3	3809.000	217
734	4	133.000	217
735	5	398.000	217
736	1	86.187	218
737	2	3941.000	218
738	3	3810.000	218
739	4	159.000	218
740	5	398.000	218
741	1	86.202	219
742	2	3946.000	219
743	3	3810.000	219
744	4	171.000	219
745	5	398.000	219
746	1	86.231	220
747	2	3949.000	220
748	3	3813.000	220
749	4	171.000	220
750	5	419.000	220
751	1	86.248	221
752	2	3953.000	221
753	3	3815.000	221
754	4	171.000	221
755	5	428.000	221
756	1	86.261	222
757	2	3953.000	222
758	3	3819.000	222
759	4	171.000	222
760	5	436.000	222
761	1	86.294	223
762	2	3962.000	223
763	3	3819.000	223
764	4	184.000	223
765	5	436.000	223
766	1	86.355	224
767	2	3971.000	224
768	3	3825.000	224
769	4	184.000	224
770	5	470.000	224
771	1	86.391	225
772	2	3977.000	225
773	3	3828.000	225
774	4	195.000	225
775	5	478.000	225
776	1	86.406	226
777	2	3979.000	226
778	3	3828.000	226
779	4	204.000	226
780	5	478.000	226
781	1	86.454	227
782	2	3982.000	227
783	3	3830.000	227
784	4	204.000	227
785	5	488.000	227
786	1	86.616	228
787	2	3985.000	228
788	3	3833.000	228
789	4	204.000	228
790	5	499.000	228
791	1	86.681	229
792	2	3996.000	229
793	3	3838.000	229
794	4	226.000	229
795	5	514.000	229
796	1	86.696	230
797	2	3998.000	230
798	3	3839.000	230
799	4	226.000	230
800	5	531.000	230
801	1	86.719	231
802	2	4002.000	231
803	3	3842.000	231
804	4	226.000	231
805	5	566.000	231
806	1	86.733	232
807	2	4004.000	232
808	3	3845.000	232
809	4	226.000	232
810	5	575.000	232
811	1	86.781	233
812	2	4014.000	233
813	3	3848.000	233
814	4	248.000	233
815	5	579.000	233
816	1	86.821	234
817	2	4020.000	234
818	3	3853.000	234
819	4	248.000	234
820	5	600.000	234
821	1	86.833	235
822	2	4022.000	235
823	3	3856.000	235
824	4	248.000	235
825	5	616.000	235
826	1	86.850	236
827	2	4024.000	236
828	3	3859.000	236
829	4	248.000	236
830	5	631.000	236
831	1	86.863	237
832	2	4028.000	237
833	3	3859.000	237
834	4	258.000	237
835	5	631.000	237
836	1	86.890	238
837	2	4035.000	238
838	3	3860.000	238
839	4	264.000	238
840	5	645.000	238
841	1	86.918	239
842	2	4038.000	239
843	3	3863.000	239
844	4	264.000	239
845	5	669.000	239
846	1	86.959	240
847	2	4050.000	240
848	3	3865.000	240
849	4	283.000	240
850	5	679.000	240
851	1	87.013	241
852	2	4057.000	241
853	3	3870.000	241
854	4	300.000	241
855	5	709.000	241
856	1	87.065	243
857	2	4068.000	243
858	3	3874.000	243
859	4	319.000	243
860	5	734.000	243
861	1	87.085	244
862	2	4074.000	244
863	3	3874.000	244
864	4	331.000	244
865	5	742.000	244
866	1	87.125	245
867	2	4078.000	245
868	3	3880.000	245
869	4	331.000	245
870	5	777.000	245
871	1	87.153	246
872	2	4086.000	246
873	3	3880.000	246
874	4	349.000	246
875	5	777.000	246
876	1	87.193	247
877	2	4092.000	247
878	3	3886.000	247
879	4	349.000	247
880	5	817.000	247
881	1	87.205	248
882	2	4094.000	248
883	3	3887.000	248
884	4	349.000	248
885	5	828.000	248
886	1	87.221	249
887	2	4095.000	249
888	3	3889.000	249
889	4	349.000	249
890	5	842.000	249
891	1	87.233	250
892	2	4095.000	250
893	3	3890.000	250
894	4	367.000	250
895	5	842.000	250
896	1	87.255	251
897	2	4105.000	251
898	3	3891.000	251
899	4	382.000	251
900	5	858.000	251
901	1	87.270	252
902	2	4106.000	252
903	3	3894.000	252
904	4	382.000	252
905	5	871.000	252
906	1	87.307	253
907	2	4112.000	253
908	3	3898.000	253
909	4	382.000	253
910	5	919.000	253
911	1	87.347	254
912	2	4123.000	254
913	3	3899.000	254
914	4	410.000	254
915	5	934.000	254
916	1	87.387	255
917	2	4130.000	255
918	3	3904.000	255
919	4	410.000	255
920	5	977.000	255
921	1	87.398	256
922	2	4131.000	256
923	3	3906.000	256
924	4	410.000	256
925	5	992.000	256
926	1	87.414	257
927	2	4135.000	257
928	3	3907.000	257
929	4	419.000	257
930	5	992.000	257
931	1	87.427	258
932	2	4141.000	258
933	3	3907.000	258
934	4	430.000	258
935	5	992.000	258
936	1	87.508	259
937	2	4158.000	259
938	3	3916.000	259
939	4	443.000	259
940	5	1045.000	259
941	1	87.527	260
942	2	4162.000	260
943	3	3918.000	260
944	4	443.000	260
945	5	1059.000	260
946	1	87.592	261
947	2	4178.000	261
948	3	3925.000	261
949	4	462.000	261
950	5	1109.000	261
951	1	87.613	262
952	2	4181.000	262
953	3	3927.000	262
954	4	462.000	262
955	5	1140.000	262
956	1	87.626	263
957	2	4183.000	263
958	3	3929.000	263
959	4	462.000	263
960	5	1154.000	263
961	1	87.634	264
962	2	4185.000	264
963	3	3930.000	264
964	4	462.000	264
965	5	1167.000	264
966	1	87.648	265
967	2	4190.000	265
968	3	3931.000	265
969	4	473.000	265
970	5	1167.000	265
971	1	87.730	266
972	2	4211.000	266
973	3	3937.000	266
974	4	495.000	266
975	5	1223.000	266
976	1	87.778	267
977	2	4218.000	267
978	3	3943.000	267
979	4	495.000	267
980	5	1272.000	267
981	1	87.788	268
982	2	4219.000	268
983	3	3946.000	268
984	4	495.000	268
985	5	1275.000	268
986	1	87.812	269
987	2	4227.000	269
988	3	3946.000	269
989	4	511.000	269
990	5	1275.000	269
991	1	87.820	270
992	2	4229.000	270
993	3	3947.000	270
994	4	511.000	270
995	5	1286.000	270
996	1	87.839	271
997	2	4234.000	271
998	3	3950.000	271
999	4	511.000	271
1000	5	1309.000	271
1001	1	87.868	272
1002	2	4240.000	272
1003	3	3955.000	272
1004	4	512.000	272
1005	5	1326.000	272
1006	1	87.915	273
1007	2	4251.000	273
1008	3	3961.000	273
1009	4	516.000	273
1010	5	1372.000	273
1011	1	87.951	274
1012	2	4260.000	274
1013	3	3963.000	274
1014	4	538.000	274
1015	5	1384.000	274
1016	1	87.980	275
1017	2	4266.000	275
1018	3	3967.000	275
1019	4	538.000	275
1020	5	1417.000	275
1021	1	88.003	276
1022	2	4269.000	276
1023	3	3974.000	276
1024	4	538.000	276
1025	5	1433.000	276
1026	1	88.016	277
1027	2	4272.000	277
1028	3	3974.000	277
1029	4	550.000	277
1030	5	1433.000	277
1031	1	88.060	278
1032	2	4283.000	278
1033	3	3981.000	278
1034	4	556.000	278
1035	5	1450.000	278
1036	1	88.068	279
1037	2	4284.000	279
1038	3	3983.000	279
1039	4	556.000	279
1040	5	1458.000	279
1041	1	88.079	280
1042	2	4285.000	280
1043	3	3986.000	280
1044	4	556.000	280
1045	5	1466.000	280
1046	1	88.105	281
1047	2	4296.000	281
1048	3	3986.000	281
1049	4	568.000	281
1050	5	1466.000	281
1051	1	88.124	282
1052	2	4299.000	282
1053	3	3989.000	282
1054	4	568.000	282
1055	5	1485.000	282
1056	1	88.155	283
1057	2	4304.000	283
1058	3	3997.000	283
1059	4	568.000	283
1060	5	1503.000	283
1061	1	88.193	284
1062	2	4315.000	284
1063	3	3999.000	284
1064	4	587.000	284
1065	5	1505.000	284
1066	1	88.215	285
1067	2	4318.000	285
1068	3	4004.000	285
1069	4	587.000	285
1070	5	1518.000	285
1071	1	88.235	286
1072	2	4321.000	286
1073	3	4008.000	286
1074	4	587.000	286
1075	5	1535.000	286
1076	1	88.277	287
1077	2	4334.000	287
1078	3	4010.000	287
1079	4	604.000	287
1080	5	1541.000	287
1081	1	88.298	288
1082	2	4338.000	288
1083	3	4016.000	288
1084	4	604.000	288
1085	5	1548.000	288
1086	1	88.334	289
1087	2	4345.000	289
1088	3	4022.000	289
1089	4	609.000	289
1090	5	1553.000	289
1091	1	88.491	290
1092	2	4362.000	290
1093	3	4034.000	290
1094	4	610.000	290
1095	5	1571.000	290
1096	1	88.644	291
1097	2	4376.000	291
1098	3	4035.000	291
1099	4	613.000	291
1100	5	1571.000	291
1101	1	88.756	292
1102	2	4381.000	292
1103	3	4042.000	292
1104	4	613.000	292
1105	5	1579.000	292
1106	1	88.922	293
1107	2	4389.000	293
1108	3	4051.000	293
1109	4	613.000	293
1110	5	1584.000	293
1111	1	88.945	294
1112	2	4395.000	294
1113	3	4055.000	294
1114	4	618.000	294
1115	5	1587.000	294
1116	1	88.996	295
1117	2	4401.000	295
1118	3	4068.000	295
1119	4	618.000	295
1120	5	1595.000	295
1121	1	89.162	296
1122	2	4415.000	296
1123	3	4069.000	296
1124	4	620.000	296
1125	5	1595.000	296
1126	1	89.271	297
1127	2	4424.000	297
1128	3	4085.000	297
1129	4	620.000	297
1130	5	1609.000	297
1131	1	89.806	298
1132	2	4444.000	298
1133	3	4103.000	298
1134	4	625.000	298
1135	5	1622.000	298
1136	1	90.372	299
1137	2	4467.000	299
1138	3	4120.000	299
1139	4	628.000	299
1140	5	1629.000	299
1141	1	90.777	300
1142	2	4484.000	300
1143	3	4125.000	300
1144	4	632.000	300
1145	5	1630.000	300
1146	1	91.746	301
1147	2	4501.000	301
1148	3	4143.000	301
1149	4	635.000	301
1150	5	1634.000	301
1151	1	92.345	302
1152	2	4507.000	302
1153	3	4155.000	302
1154	4	635.000	302
1155	5	1637.000	302
1156	1	92.594	303
1157	2	4511.000	303
1158	3	4163.000	303
1159	4	635.000	303
1160	5	1640.000	303
1161	1	92.744	304
1162	2	4518.000	304
1163	3	4164.000	304
1164	4	636.000	304
1165	5	1640.000	304
1166	1	92.970	305
1167	2	4528.000	305
1168	3	4167.000	305
1169	4	636.000	305
1170	5	1641.000	305
1171	1	93.841	306
1172	2	4550.000	306
1173	3	4188.000	306
1174	4	637.000	306
1175	5	1642.000	306
1176	1	94.386	307
1177	2	4556.000	307
1178	3	4200.000	307
1179	4	637.000	307
1180	5	1644.000	307
1181	1	94.864	308
1182	2	4568.000	308
1183	3	4212.000	308
1184	4	638.000	308
1185	5	1644.000	308
1186	1	95.540	309
1187	2	4581.000	309
1188	3	4227.000	309
1189	4	638.000	309
1190	5	1645.000	309
1191	1	95.869	310
1192	2	4585.000	310
1193	3	4239.000	310
1194	4	638.000	310
1195	5	1646.000	310
1196	1	96.185	311
1197	2	4598.000	311
1198	3	4239.000	311
1199	4	639.000	311
1200	5	1646.000	311
1201	1	96.581	312
1202	2	4605.000	312
1203	3	4260.000	312
1204	4	639.000	312
1205	5	1647.000	312
1206	1	96.928	313
1207	2	4627.000	313
1208	3	4268.000	313
1209	4	639.000	313
1210	5	1647.000	313
1211	1	97.071	314
1212	2	4628.000	314
1213	3	4275.000	314
1214	4	639.000	314
1215	5	1647.000	314
1216	1	97.630	315
1217	2	4648.000	315
1218	3	4288.000	315
1219	4	639.000	315
1220	5	1647.000	315
1221	1	98.293	316
1222	2	4667.000	316
1223	3	4292.000	316
1224	4	640.000	316
1225	5	1648.000	316
1226	1	98.443	317
1227	2	4669.000	317
1228	3	4304.000	317
1229	4	640.000	317
1230	5	1648.000	317
1231	1	98.639	318
1232	2	4675.000	318
1233	3	4304.000	318
1234	4	641.000	318
1235	5	1648.000	318
1236	1	98.860	319
1237	2	4677.000	319
1238	3	4312.000	319
1239	4	641.000	319
1240	5	1648.000	319
1241	1	99.009	320
1242	2	4679.000	320
1243	3	4319.000	320
1244	4	641.000	320
1245	5	1648.000	320
1246	1	99.150	321
1247	2	4694.000	321
1248	3	4320.000	321
1249	4	641.000	321
1250	5	1648.000	321
1251	1	99.297	322
1252	2	4700.000	322
1253	3	4320.000	322
1254	4	641.000	322
1255	5	1648.000	322
1256	1	99.688	323
1257	2	4705.000	323
1258	3	4336.000	323
1259	4	641.000	323
1260	5	1648.000	323
1261	1	100.265	324
1262	2	4726.000	324
1263	3	4348.000	324
1264	4	641.000	324
1265	5	1648.000	324
1266	1	100.498	325
1267	2	4731.000	325
1268	3	4360.000	325
1269	4	641.000	325
1270	5	1649.000	325
1271	1	100.894	326
1272	2	4737.000	326
1273	3	4373.000	326
1274	4	641.000	326
1275	5	1651.000	326
1276	1	101.009	327
1277	2	4744.000	327
1278	3	4373.000	327
1279	4	642.000	327
1280	5	1651.000	327
1281	1	101.380	328
1282	2	4755.000	328
1283	3	4377.000	328
1284	4	643.000	328
1285	5	1652.000	328
1286	1	101.787	329
1287	2	4757.000	329
1288	3	4388.000	329
1289	4	643.000	329
1290	5	1652.000	329
1291	1	101.888	330
1292	2	4759.000	330
1293	3	4392.000	330
1294	4	643.000	330
1295	5	1654.000	330
1296	1	102.323	331
1297	2	4770.000	331
1298	3	4399.000	331
1299	4	643.000	331
1300	5	1654.000	331
1301	1	102.512	332
1302	2	4775.000	332
1303	3	4399.000	332
1304	4	644.000	332
1305	5	1654.000	332
1306	1	102.967	333
1307	2	4781.000	333
1308	3	4410.000	333
1309	4	644.000	333
1310	5	1655.000	333
1311	1	103.054	334
1312	2	4782.000	334
1313	3	4416.000	334
1314	4	644.000	334
1315	5	1656.000	334
1316	1	103.306	335
1317	2	4785.000	335
1318	3	4426.000	335
1319	4	644.000	335
1320	5	1659.000	335
1321	1	103.841	336
1322	2	4811.000	336
1323	3	4439.000	336
1324	4	644.000	336
1325	5	1664.000	336
1326	1	103.862	337
1327	2	4811.000	337
1328	3	4442.000	337
1329	4	644.000	337
1330	5	1664.000	337
1331	1	104.102	338
1332	2	4817.000	338
1333	3	4451.000	338
1334	4	645.000	338
1335	5	1666.000	338
1336	1	104.386	339
1337	2	4826.000	339
1338	3	4454.000	339
1339	4	646.000	339
1340	5	1668.000	339
1341	1	104.857	340
1342	2	4831.000	340
1343	3	4468.000	340
1344	4	646.000	340
1345	5	1672.000	340
1346	1	105.096	341
1347	2	4840.000	341
1348	3	4477.000	341
1349	4	648.000	341
1350	5	1673.000	341
1351	1	105.245	342
1352	2	4849.000	342
1353	3	4479.000	342
1354	4	649.000	342
1355	5	1676.000	342
1356	1	105.334	343
1357	2	4851.000	343
1358	3	4483.000	343
1359	4	649.000	343
1360	5	1678.000	343
1361	1	106.177	344
1362	2	4871.000	344
1363	3	4511.000	344
1364	4	649.000	344
1365	5	1683.000	344
1366	1	106.250	345
1367	2	4871.000	345
1368	3	4515.000	345
1369	4	649.000	345
1370	5	1687.000	345
1371	1	106.351	346
1372	2	4874.000	346
1373	3	4518.000	346
1374	4	649.000	346
1375	5	1690.000	346
1381	1	106.996	348
1382	2	4890.000	348
1383	3	4530.000	348
1384	4	654.000	348
1385	5	1693.000	348
1391	1	107.359	350
1392	2	4897.000	350
1393	3	4539.000	350
1394	4	654.000	350
1395	5	1704.000	350
1396	1	107.496	351
1397	2	4899.000	351
1398	3	4543.000	351
1399	4	654.000	351
1400	5	1705.000	351
1401	1	107.725	352
1402	2	4906.000	352
1403	3	4550.000	352
1404	4	659.000	352
1405	5	1706.000	352
1406	1	107.899	353
1407	2	4915.000	353
1408	3	4552.000	353
1409	4	660.000	353
1410	5	1712.000	353
1426	1	108.364	357
1427	2	4935.000	357
1428	3	4575.000	357
1429	4	669.000	357
1430	5	1742.000	357
1411	1	108.086	354
1412	2	4920.000	354
1413	3	4564.000	354
1414	4	660.000	354
1415	5	1724.000	354
1416	1	108.173	355
1417	2	4921.000	355
1418	3	4568.000	355
1419	4	660.000	355
1420	5	1728.000	355
1421	1	108.360	356
1422	2	4935.000	356
1423	3	4573.000	356
1424	4	669.000	356
1425	5	1733.000	356
1431	1	108.381	358
1432	2	4937.000	358
1433	3	4579.000	358
1434	4	669.000	358
1435	5	1746.000	358
1436	1	108.424	359
1437	2	4938.000	359
1438	3	4583.000	359
1439	4	669.000	359
1440	5	1751.000	359
1441	1	108.524	360
1442	2	4940.000	360
1443	3	4588.000	360
1444	4	669.000	360
1445	5	1751.000	360
1446	1	108.545	361
1447	2	4947.000	361
1448	3	4589.000	361
1449	4	676.000	361
1450	5	1752.000	361
1451	1	108.631	362
1452	2	4951.000	362
1453	3	4589.000	362
1454	4	687.000	362
1455	5	1752.000	362
1456	1	108.640	363
1457	2	4953.000	363
1458	3	4591.000	363
1459	4	687.000	363
1460	5	1763.000	363
1461	1	108.651	364
1462	2	4955.000	364
1463	3	4593.000	364
1464	4	687.000	364
1465	5	1772.000	364
1466	1	108.689	365
1467	2	4957.000	365
1468	3	4597.000	365
1469	4	687.000	365
1470	5	1783.000	365
1471	1	108.788	366
1472	2	4961.000	366
1473	3	4603.000	366
1474	4	687.000	366
1475	5	1803.000	366
1476	1	108.860	367
1477	2	4972.000	367
1478	3	4603.000	367
1479	4	700.000	367
1480	5	1803.000	367
1481	1	108.986	368
1482	2	4976.000	368
1483	3	4608.000	368
1484	4	700.000	368
1485	5	1819.000	368
1486	1	109.007	369
1487	2	4978.000	369
1488	3	4611.000	369
1489	4	700.000	369
1490	5	1829.000	369
1491	1	109.164	370
1492	2	4987.000	370
1493	3	4617.000	370
1494	4	711.000	370
1495	5	1839.000	370
1496	1	109.240	371
1497	2	5005.000	371
1498	3	4628.000	371
1499	4	719.000	371
1500	5	1891.000	371
1501	1	109.249	372
1502	2	5007.000	372
1503	3	4628.000	372
1504	4	730.000	372
1505	5	1891.000	372
1506	1	109.283	373
1507	2	5022.000	373
1508	3	4630.000	373
1509	4	751.000	373
1510	5	1896.000	373
1511	1	109.311	374
1512	2	5027.000	374
1513	3	4636.000	374
1514	4	751.000	374
1515	5	1932.000	374
1516	1	109.380	375
1517	2	5043.000	375
1518	3	4646.000	375
1519	4	769.000	375
1520	5	1982.000	375
1522	1	109.412	377
1523	2	5055.000	377
1524	3	4649.000	377
1525	4	791.000	377
1526	5	1994.000	377
1527	1	109.422	378
1528	2	5060.000	378
1529	3	4649.000	378
1530	4	803.000	378
1531	5	1994.000	378
1532	1	109.452	379
1533	2	5066.000	379
1534	3	4657.000	379
1535	4	803.000	379
1536	5	2013.000	379
1537	1	109.529	380
1538	2	5084.000	380
1539	3	4668.000	380
1540	4	823.000	380
1541	5	2075.000	380
1542	1	109.539	381
1543	2	5086.000	381
1544	3	4670.000	381
1545	4	823.000	381
1546	5	2089.000	381
1547	1	109.587	382
1548	2	5102.000	382
1549	3	4673.000	382
1550	4	840.000	382
1551	5	2110.000	382
1552	1	109.614	383
1553	2	5107.000	383
1554	3	4679.000	383
1555	4	840.000	383
1556	5	2143.000	383
1557	1	109.660	384
1558	2	5123.000	384
1559	3	4681.000	384
1560	4	861.000	384
1561	5	2175.000	384
1562	1	109.727	385
1563	2	5145.000	385
1564	3	4688.000	385
1565	4	890.000	385
1566	5	2220.000	385
1567	1	109.742	386
1568	2	5147.000	386
1569	3	4690.000	386
1570	4	890.000	386
1571	5	2235.000	386
1572	1	109.790	387
1573	2	5158.000	387
1574	3	4693.000	387
1575	4	920.000	387
1576	5	2269.000	387
1577	1	109.802	388
1578	2	5160.000	388
1579	3	4693.000	388
1580	4	938.000	388
1581	5	2269.000	388
1582	1	109.864	389
1583	2	5180.000	389
1584	3	4703.000	389
1585	4	956.000	389
1586	5	2312.000	389
1587	1	109.897	390
1588	2	5187.000	390
1589	3	4712.000	390
1590	4	956.000	390
1591	5	2355.000	390
1592	1	109.922	391
1593	2	5198.000	391
1594	3	4712.000	391
1595	4	975.000	391
1596	5	2355.000	391
1597	1	109.980	392
1598	2	5211.000	392
1599	3	4723.000	392
1600	4	989.000	392
1601	5	2412.000	392
1602	1	109.990	393
1603	2	5215.000	393
1604	3	4723.000	393
1605	4	1001.000	393
1606	5	2412.000	393
1607	1	109.998	394
1608	2	5218.000	394
1609	3	4724.000	394
1610	4	1001.000	394
1611	5	2425.000	394
1612	1	110.016	395
1613	2	5222.000	395
1614	3	4726.000	395
1615	4	1001.000	395
1616	5	2460.000	395
1617	1	110.068	396
1618	2	5241.000	396
1619	3	4733.000	396
1620	4	1022.000	396
1621	5	2504.000	396
1622	1	110.085	397
1623	2	5245.000	397
1624	3	4737.000	397
1625	4	1022.000	397
1626	5	2520.000	397
1627	1	110.137	398
1628	2	5262.000	398
1629	3	4744.000	398
1630	4	1031.000	398
1631	5	2555.000	398
1632	1	110.181	399
1633	2	5277.000	399
1634	3	4750.000	399
1635	4	1054.000	399
1636	5	2579.000	399
1637	1	110.235	400
1638	2	5294.000	400
1639	3	4759.000	400
1640	4	1078.000	400
1641	5	2604.000	400
1642	1	110.278	401
1643	2	5305.000	401
1644	3	4767.000	401
1645	4	1078.000	401
1646	5	2662.000	401
1647	1	110.346	402
1648	2	5329.000	402
1649	3	4776.000	402
1650	4	1102.000	402
1651	5	2718.000	402
1652	1	110.392	403
1653	2	5343.000	403
1654	3	4783.000	403
1655	4	1116.000	403
1656	5	2771.000	403
1657	1	110.412	404
1658	2	5349.000	404
1659	3	4785.000	404
1660	4	1130.000	404
1661	5	2783.000	404
1662	1	110.439	405
1663	2	5359.000	405
1664	3	4789.000	405
1665	4	1130.000	405
1666	5	2806.000	405
1667	1	110.480	406
1668	2	5375.000	406
1669	3	4798.000	406
1670	4	1160.000	406
1671	5	2833.000	406
1672	1	110.561	407
1673	2	5408.000	407
1674	3	4820.000	407
1675	4	1172.000	407
1676	5	2891.000	407
1677	1	110.584	408
1678	2	5415.000	408
1679	3	4826.000	408
1680	4	1178.000	408
1681	5	2902.000	408
1682	1	110.636	409
1683	2	5435.000	409
1684	3	4839.000	409
1685	4	1181.000	409
1686	5	2935.000	409
1687	1	110.724	410
1688	2	5471.000	410
1689	3	4857.000	410
1690	4	1208.000	410
1691	5	2963.000	410
1692	1	110.784	411
1693	2	5493.000	411
1694	3	4869.000	411
1695	4	1223.000	411
1696	5	3006.000	411
1702	1	110.836	413
1703	2	5511.000	413
1704	3	4884.000	413
1705	4	1228.000	413
1706	5	3039.000	413
1707	1	110.929	414
1708	2	5547.000	414
1709	3	4907.000	414
1710	4	1232.000	414
1711	5	3049.000	414
1712	1	111.116	415
1713	2	5556.000	415
1714	3	4927.000	415
1715	4	1232.000	415
1716	5	3059.000	415
1717	1	111.649	416
1718	2	5592.000	416
1719	3	4950.000	416
1720	4	1240.000	416
1721	5	3070.000	416
1722	1	111.912	417
1723	2	5610.000	417
1724	3	4977.000	417
1725	4	1242.000	417
1726	5	3077.000	417
1727	1	112.304	418
1728	2	5640.000	418
1729	3	4997.000	418
1730	4	1243.000	418
1731	5	3083.000	418
1732	1	112.744	419
1733	2	5691.000	419
1734	3	5029.000	419
1735	4	1248.000	419
1736	5	3094.000	419
1737	1	112.992	420
1738	2	5707.000	420
1739	3	5055.000	420
1740	4	1249.000	420
1741	5	3099.000	420
1742	1	113.898	421
1743	2	5753.000	421
1744	3	5093.000	421
1745	4	1250.000	421
1746	5	3104.000	421
1747	1	114.992	422
1748	2	5781.000	422
1749	3	5120.000	422
1750	4	1250.000	422
1751	5	3106.000	422
1752	1	116.097	423
1753	2	5811.000	423
1754	3	5144.000	423
1755	4	1251.000	423
1756	5	3107.000	423
1757	1	118.124	424
1758	2	5874.000	424
1759	3	5211.000	424
1760	4	1251.000	424
1761	5	3108.000	424
1762	1	119.602	425
1763	2	5914.000	425
1764	3	5269.000	425
1765	4	1252.000	425
1766	5	3109.000	425
1767	1	120.267	426
1768	2	5942.000	426
1769	3	5270.000	426
1770	4	1253.000	426
1771	5	3109.000	426
1772	1	122.194	427
1773	2	5978.000	427
1774	3	5309.000	427
1775	4	1253.000	427
1776	5	3109.000	427
1777	1	123.350	428
1778	2	5998.000	428
1779	3	5333.000	428
1780	4	1253.000	428
1781	5	3110.000	428
1782	1	124.193	429
1783	2	6016.000	429
1784	3	5362.000	429
1785	4	1254.000	429
1786	5	3112.000	429
1787	1	125.372	430
1788	2	6041.000	430
1789	3	5387.000	430
1790	4	1256.000	430
1791	5	3115.000	430
1792	1	126.743	431
1793	2	6074.000	431
1794	3	5419.000	431
1795	4	1258.000	431
1796	5	3117.000	431
1797	1	127.713	432
1798	2	6103.000	432
1799	3	5429.000	432
1800	4	1258.000	432
1801	5	3117.000	432
1802	1	127.959	433
1803	2	6107.000	433
1804	3	5438.000	433
1805	4	1258.000	433
1806	5	3117.000	433
1807	1	128.759	434
1808	2	6116.000	434
1809	3	5455.000	434
1810	4	1258.000	434
1811	5	3118.000	434
1812	1	129.401	435
1813	2	6140.000	435
1814	3	5460.000	435
1815	4	1261.000	435
1816	5	3120.000	435
1817	1	129.779	436
1818	2	6144.000	436
1819	3	5470.000	436
1820	4	1261.000	436
1821	5	3123.000	436
1822	1	129.879	437
1823	2	6146.000	437
1824	3	5476.000	437
1825	4	1261.000	437
1826	5	3125.000	437
1827	1	130.059	438
1828	2	6149.000	438
1829	3	5487.000	438
1830	4	1261.000	438
1831	5	3130.000	438
1832	1	130.239	439
1833	2	6184.000	439
1834	3	5509.000	439
1835	4	1273.000	439
1836	5	3149.000	439
1837	1	132.775	440
1838	2	6273.000	440
1839	3	5581.000	440
1840	4	1301.000	440
1841	5	3202.000	440
1842	1	132.929	441
1843	2	6277.000	441
1844	3	5592.000	441
1845	4	1301.000	441
1846	5	3219.000	441
1847	1	133.191	442
1848	2	6318.000	442
1849	3	5606.000	442
1850	4	1319.000	442
1851	5	3271.000	442
1852	1	134.072	443
1853	2	6378.000	443
1854	3	5641.000	443
1855	4	1351.000	443
1856	5	3388.000	443
1857	1	134.122	444
1858	2	6391.000	444
1859	3	5648.000	444
1860	4	1369.000	444
1861	5	3409.000	444
1862	1	134.163	445
1863	2	6399.000	445
1864	3	5655.000	445
1865	4	1384.000	445
1866	5	3421.000	445
1867	1	134.229	446
1868	2	6406.000	446
1869	3	5663.000	446
1870	4	1394.000	446
1871	5	3424.000	446
1872	1	134.240	447
1873	2	6411.000	447
1874	3	5663.000	447
1875	4	1402.000	447
1876	5	3424.000	447
1877	1	134.337	448
1878	2	6420.000	448
1879	3	5672.000	448
1880	4	1402.000	448
1881	5	3456.000	448
1882	1	134.447	449
1883	2	6427.000	449
1884	3	5678.000	449
1885	4	1404.000	449
1886	5	3463.000	449
1887	1	134.486	450
1888	2	6441.000	450
1889	3	5685.000	450
1890	4	1414.000	450
1891	5	3482.000	450
1892	1	134.494	451
1893	2	6444.000	451
1894	3	5685.000	451
1895	4	1427.000	451
1896	5	3482.000	451
1897	1	134.560	452
1898	2	6466.000	452
1899	3	5696.000	452
1900	4	1441.000	452
1901	5	3515.000	452
1902	1	134.622	453
1903	2	6490.000	453
1904	3	5700.000	453
1905	4	1460.000	453
1906	5	3540.000	453
1907	1	134.729	454
1908	2	6509.000	454
1909	3	5713.000	454
1910	4	1489.000	454
1911	5	3598.000	454
1912	1	134.806	455
1913	2	6535.000	455
1914	3	5722.000	455
1915	4	1495.000	455
1916	5	3686.000	455
1917	1	134.949	456
1918	2	6576.000	456
1919	3	5744.000	456
1920	4	1540.000	456
1921	5	3813.000	456
1923	1	135.093	458
1924	2	6578.000	458
1925	3	5746.000	458
1926	4	1541.000	458
1927	5	3819.000	458
1928	1	135.142	459
1929	2	6594.000	459
1930	3	5753.000	459
1931	4	1561.000	459
1932	5	3837.000	459
1933	1	135.248	460
1934	2	6626.000	460
1935	3	5770.000	460
1936	4	1593.000	460
1937	5	3895.000	460
1938	1	135.284	461
1939	2	6636.000	461
1940	3	5783.000	461
1941	4	1593.000	461
1942	5	3915.000	461
1943	1	135.306	462
1944	2	6644.000	462
1945	3	5784.000	462
1946	4	1621.000	462
1947	5	3915.000	462
1948	1	135.344	463
1949	2	6654.000	463
1950	3	5792.000	463
1951	4	1621.000	463
1952	5	3976.000	463
1953	1	135.368	464
1954	2	6665.000	464
1955	3	5792.000	464
1956	4	1636.000	464
1957	5	3976.000	464
1958	1	135.471	465
1959	2	6691.000	465
1960	3	5814.000	465
1961	4	1647.000	465
1962	5	4056.000	465
1968	1	135.604	467
1969	2	6736.000	467
1970	3	5839.000	467
1971	4	1688.000	467
1972	5	4132.000	467
1973	1	135.657	468
1974	2	6759.000	468
1975	3	5846.000	468
1976	4	1700.000	468
1977	5	4169.000	468
1978	1	135.798	469
1979	2	6808.000	469
1980	3	5875.000	469
1981	4	1725.000	469
1982	5	4252.000	469
1983	1	135.913	470
1984	2	6851.000	470
1985	3	5900.000	470
1986	4	1748.000	470
1987	5	4303.000	470
1993	1	136.008	472
1994	2	6878.000	472
1995	3	5928.000	472
1996	4	1755.000	472
1997	5	4329.000	472
1998	1	136.460	473
1999	2	6935.000	473
2000	3	5968.000	473
2001	4	1770.000	473
2002	5	4361.000	473
2068	1	156.919	487
2069	2	7587.000	487
2070	3	6572.000	487
2071	4	1837.000	487
2072	5	4559.000	487
2003	1	137.137	474
2004	2	6994.000	474
2005	3	6010.000	474
2006	4	1780.000	474
2007	5	4381.000	474
2008	1	137.742	475
2009	2	7013.000	475
2010	3	6034.000	475
2011	4	1781.000	475
2012	5	4386.000	475
2013	1	139.742	476
2014	2	7083.000	476
2015	3	6104.000	476
2016	4	1783.000	476
2017	5	4396.000	476
2018	1	142.056	477
2019	2	7134.000	477
2020	3	6151.000	477
2021	4	1784.000	477
2022	5	4398.000	477
2023	1	144.412	478
2024	2	7202.000	478
2025	3	6223.000	478
2026	4	1785.000	478
2027	5	4400.000	478
2028	1	145.233	479
2029	2	7217.000	479
2030	3	6247.000	479
2031	4	1785.000	479
2032	5	4400.000	479
2033	1	147.966	480
2034	2	7288.000	480
2035	3	6328.000	480
2036	4	1786.000	480
2037	5	4402.000	480
2038	1	150.007	481
2039	2	7327.000	481
2040	3	6380.000	481
2041	4	1786.000	481
2042	5	4404.000	481
2043	1	150.747	482
2044	2	7358.000	482
2045	3	6390.000	482
2046	4	1786.000	482
2047	5	4404.000	482
2048	1	152.029	483
2049	2	7387.000	483
2050	3	6428.000	483
2051	4	1787.000	483
2052	5	4406.000	483
2053	1	153.685	484
2054	2	7444.000	484
2055	3	6471.000	484
2056	4	1793.000	484
2057	5	4416.000	484
2058	1	155.226	485
2059	2	7485.000	485
2060	3	6512.000	485
2061	4	1796.000	485
2062	5	4431.000	485
2063	1	156.408	486
2064	2	7532.000	486
2065	3	6540.000	486
2066	4	1815.000	486
2067	5	4486.000	486
2073	1	157.202	488
2074	2	7610.000	488
2075	3	6585.000	488
2076	4	1853.000	488
2077	5	4582.000	488
2078	1	158.004	489
2079	2	7628.000	489
2080	3	6599.000	489
2081	4	1865.000	489
2082	5	4586.000	489
2083	1	158.532	490
2084	2	7704.000	490
2085	3	6637.000	490
2086	4	1961.000	490
2087	5	4716.000	490
2088	1	158.675	491
2089	2	7740.000	491
2090	3	6650.000	491
2091	4	1991.000	491
2092	5	4834.000	491
2093	1	158.852	492
2094	2	7793.000	492
2095	3	6674.000	492
2096	4	2079.000	492
2097	5	4948.000	492
2098	1	158.939	493
2099	2	7820.000	493
2100	3	6683.000	493
2101	4	2103.000	493
2102	5	5002.000	493
2103	1	159.002	494
2104	2	7839.000	494
2105	3	6688.000	494
2106	4	2129.000	494
2107	5	5060.000	494
2108	1	159.056	495
2109	2	7858.000	495
2110	3	6694.000	495
2111	4	2149.000	495
2112	5	5130.000	495
2113	1	159.107	496
2114	2	7873.000	496
2115	3	6703.000	496
2116	4	2164.000	496
2117	5	5200.000	496
2118	1	159.283	497
2119	2	7931.000	497
2120	3	6729.000	497
2121	4	2235.000	497
2122	5	5371.000	497
2123	1	159.342	498
2124	2	7950.000	498
2125	3	6740.000	498
2126	4	2263.000	498
2127	5	5416.000	498
2128	1	159.480	499
2129	2	8001.000	499
2130	3	6761.000	499
2131	4	2301.000	499
2132	5	5560.000	499
2133	1	159.606	500
2134	2	8048.000	500
2135	3	6787.000	500
2136	4	2342.000	500
2137	5	5643.000	500
2138	1	159.708	501
2139	2	8100.000	501
2140	3	6810.000	501
2141	4	2402.000	501
2142	5	5796.000	501
2143	1	159.728	502
2144	2	8110.000	502
2145	3	6813.000	502
2146	4	2409.000	502
2147	5	5800.000	502
2148	1	159.847	503
2149	2	8146.000	503
2150	3	6839.000	503
2151	4	2418.000	503
2152	5	5850.000	503
2153	1	159.933	504
2154	2	8174.000	504
2155	3	6860.000	504
2156	4	2426.000	504
2157	5	5866.000	504
2158	1	159.990	505
2159	2	8194.000	505
2160	3	6877.000	505
2161	4	2432.000	505
2162	5	5878.000	505
2163	1	160.025	506
2164	2	8210.000	506
2165	3	6886.000	506
2166	4	2435.000	506
2167	5	5880.000	506
2168	1	160.132	507
2169	2	8247.000	507
2170	3	6918.000	507
2171	4	2440.000	507
2172	5	5897.000	507
2173	1	160.247	508
2174	2	8266.000	508
2175	3	6929.000	508
2176	4	2441.000	508
2177	5	5899.000	508
2178	1	160.533	509
2179	2	8292.000	509
2180	3	6941.000	509
2181	4	2442.000	509
2182	5	5904.000	509
2183	1	160.897	510
2184	2	8307.000	510
2185	3	6959.000	510
2186	4	2443.000	510
2187	5	5908.000	510
2188	1	161.390	511
2189	2	8323.000	511
2190	3	6966.000	511
2191	4	2443.000	511
2192	5	5909.000	511
2193	1	161.426	512
2194	2	8325.000	512
2195	3	6973.000	512
2196	4	2443.000	512
2197	5	5910.000	512
2198	1	161.551	513
2199	2	8329.000	513
2200	3	6984.000	513
2201	4	2443.000	513
2202	5	5911.000	513
2203	1	162.586	514
2204	2	8364.000	514
2205	3	7014.000	514
2206	4	2444.000	514
2207	5	5912.000	514
2208	1	163.985	515
2209	2	8397.000	515
2210	3	7038.000	515
2211	4	2444.000	515
2212	5	5914.000	515
2213	1	164.586	516
2214	2	8413.000	516
2215	3	7043.000	516
2216	4	2444.000	516
2217	5	5914.000	516
2218	1	164.801	517
2219	2	8415.000	517
2220	3	7050.000	517
2221	4	2444.000	517
2222	5	5914.000	517
2223	1	165.111	518
2224	2	8417.000	518
2225	3	7055.000	518
2226	4	2444.000	518
2227	5	5914.000	518
2228	1	165.437	519
2229	2	8420.000	519
2230	3	7064.000	519
2231	4	2444.000	519
2232	5	5914.000	519
2233	1	165.974	520
2234	2	8447.000	520
2235	3	7065.000	520
2236	4	2444.000	520
2237	5	5914.000	520
2238	1	166.326	521
2239	2	8451.000	521
2240	3	7075.000	521
2241	4	2444.000	521
2242	5	5914.000	521
2243	1	166.642	522
2244	2	8459.000	522
2245	3	7092.000	522
2246	4	2444.000	522
2247	5	5914.000	522
2248	1	167.205	523
2249	2	8492.000	523
2250	3	7104.000	523
2251	4	2445.000	523
2252	5	5915.000	523
2253	1	167.471	524
2254	2	8496.000	524
2255	3	7114.000	524
2256	4	2445.000	524
2257	5	5915.000	524
2258	1	167.514	525
2259	2	8506.000	525
2260	3	7115.000	525
2261	4	2445.000	525
2262	5	5915.000	525
2263	1	167.715	526
2264	2	8518.000	526
2265	3	7127.000	526
2266	4	2445.000	526
2267	5	5915.000	526
2268	1	168.005	527
2269	2	8523.000	527
2270	3	7147.000	527
2271	4	2445.000	527
2272	5	5916.000	527
2273	1	168.765	528
2274	2	8553.000	528
2275	3	7169.000	528
2276	4	2446.000	528
2277	5	5917.000	528
2278	1	169.713	529
2279	2	8575.000	529
2280	3	7184.000	529
2281	4	2446.000	529
2282	5	5919.000	529
2283	1	170.672	530
2284	2	8598.000	530
2285	3	7195.000	530
2286	4	2447.000	530
2287	5	5920.000	530
2288	1	171.165	531
2289	2	8602.000	531
2290	3	7208.000	531
2291	4	2447.000	531
2292	5	5920.000	531
2293	1	171.454	532
2294	2	8606.000	532
2295	3	7216.000	532
2296	4	2447.000	532
2297	5	5921.000	532
2298	1	171.800	533
2299	2	8623.000	533
2300	3	7217.000	533
2301	4	2448.000	533
2302	5	5921.000	533
2303	1	172.092	534
2304	2	8627.000	534
2305	3	7224.000	534
2306	4	2448.000	534
2307	5	5923.000	534
2308	1	172.364	535
2309	2	8632.000	535
2310	3	7233.000	535
2311	4	2448.000	535
2312	5	5923.000	535
\.


--
-- Name: opname_id_seq; Type: SEQUENCE SET; Schema: public; Owner: energie-admin
--

SELECT pg_catalog.setval('public.opname_id_seq', 535, true);


--
-- Name: teller_id_seq; Type: SEQUENCE SET; Schema: public; Owner: energie-admin
--

SELECT pg_catalog.setval('public.teller_id_seq', 6, false);


--
-- Name: tellerstand_id_seq; Type: SEQUENCE SET; Schema: public; Owner: energie-admin
--

SELECT pg_catalog.setval('public.tellerstand_id_seq', 2312, true);


--
-- Name: opname opname_pk; Type: CONSTRAINT; Schema: public; Owner: energie-admin
--

ALTER TABLE ONLY public.opname
    ADD CONSTRAINT opname_pk PRIMARY KEY (id);


--
-- Name: teller teller_pk; Type: CONSTRAINT; Schema: public; Owner: energie-admin
--

ALTER TABLE ONLY public.teller
    ADD CONSTRAINT teller_pk PRIMARY KEY (id);


--
-- Name: tellerstand tellerstand_pk; Type: CONSTRAINT; Schema: public; Owner: energie-admin
--

ALTER TABLE ONLY public.tellerstand
    ADD CONSTRAINT tellerstand_pk PRIMARY KEY (id);


--
-- Name: opname_tijd_uindex; Type: INDEX; Schema: public; Owner: energie-admin
--

CREATE UNIQUE INDEX opname_tijd_uindex ON public.opname USING btree (tijd);


--
-- Name: teller_naam_kort_uindex; Type: INDEX; Schema: public; Owner: energie-admin
--

CREATE UNIQUE INDEX teller_naam_kort_uindex ON public.teller USING btree (naam_kort);


--
-- Name: tellerstand tellerstand_opname_id_fk; Type: FK CONSTRAINT; Schema: public; Owner: energie-admin
--

ALTER TABLE ONLY public.tellerstand
    ADD CONSTRAINT tellerstand_opname_id_fk FOREIGN KEY (opname_id) REFERENCES public.opname(id) ON UPDATE RESTRICT ON DELETE CASCADE;


--
-- Name: tellerstand tellerstand_teller_id_fk; Type: FK CONSTRAINT; Schema: public; Owner: energie-admin
--

ALTER TABLE ONLY public.tellerstand
    ADD CONSTRAINT tellerstand_teller_id_fk FOREIGN KEY (teller_id) REFERENCES public.teller(id) ON UPDATE RESTRICT ON DELETE RESTRICT;


--
-- PostgreSQL database dump complete
--

